/*M!999999\- enable the sandbox mode */ 
-- MariaDB dump 10.19-11.4.5-MariaDB, for debian-linux-gnu (x86_64)
--
-- Host: 127.0.0.1    Database: moviefy
-- ------------------------------------------------------
-- Server version	11.7.2-MariaDB-ubu2404

/*!40101 SET @OLD_CHARACTER_SET_CLIENT=@@CHARACTER_SET_CLIENT */;
/*!40101 SET @OLD_CHARACTER_SET_RESULTS=@@CHARACTER_SET_RESULTS */;
/*!40101 SET @OLD_COLLATION_CONNECTION=@@COLLATION_CONNECTION */;
/*!40101 SET NAMES utf8mb4 */;
/*!40103 SET @OLD_TIME_ZONE=@@TIME_ZONE */;
/*!40103 SET TIME_ZONE='+00:00' */;
/*!40014 SET @OLD_UNIQUE_CHECKS=@@UNIQUE_CHECKS, UNIQUE_CHECKS=0 */;
/*!40014 SET @OLD_FOREIGN_KEY_CHECKS=@@FOREIGN_KEY_CHECKS, FOREIGN_KEY_CHECKS=0 */;
/*!40101 SET @OLD_SQL_MODE=@@SQL_MODE, SQL_MODE='NO_AUTO_VALUE_ON_ZERO' */;
/*M!100616 SET @OLD_NOTE_VERBOSITY=@@NOTE_VERBOSITY, NOTE_VERBOSITY=0 */;

--
-- Table structure for table `main_actor`
--

DROP TABLE IF EXISTS `main_actor`;
/*!40101 SET @saved_cs_client     = @@character_set_client */;
 /*!40101 SET character_set_client = utf8mb4 */;
CREATE TABLE `main_actor` (
  `id` bigint(20) NOT NULL AUTO_INCREMENT,
  `name` varchar(255) DEFAULT NULL,
  PRIMARY KEY (`id`)
) ENGINE=InnoDB AUTO_INCREMENT=6 DEFAULT CHARSET=latin1 COLLATE=latin1_swedish_ci;
/*!40101 SET character_set_client = @saved_cs_client */;

--
-- Dumping data for table `main_actor`
--

LOCK TABLES `main_actor` WRITE;
/*!40000 ALTER TABLE `main_actor` DISABLE KEYS */;
INSERT INTO `main_actor` VALUES
(1,'Leonardo DiCaprio'),
(2,'Scarlett Johansson'),
(3,'Tom Hanks'),
(4,'Morgan Freeman'),
(5,'Natalie Portman');
/*!40000 ALTER TABLE `main_actor` ENABLE KEYS */;
UNLOCK TABLES;

--
-- Table structure for table `movie_actor_relation`
--

DROP TABLE IF EXISTS `movie_actor_relation`;
/*!40101 SET @saved_cs_client     = @@character_set_client */;
 /*!40101 SET character_set_client = utf8mb4 */;
CREATE TABLE `movie_actor_relation` (
  `actor_id` bigint(20) DEFAULT NULL,
  `movie_id` bigint(20) DEFAULT NULL,
  KEY `fk_actor` (`actor_id`),
  KEY `fk_movie` (`movie_id`),
  CONSTRAINT `fk_actor` FOREIGN KEY (`actor_id`) REFERENCES `main_actor` (`id`) ON DELETE CASCADE ON UPDATE CASCADE,
  CONSTRAINT `fk_movie` FOREIGN KEY (`movie_id`) REFERENCES `movie` (`id`) ON DELETE CASCADE ON UPDATE CASCADE
) ENGINE=InnoDB DEFAULT CHARSET=latin1 COLLATE=latin1_swedish_ci;
/*!40101 SET character_set_client = @saved_cs_client */;

--
-- Dumping data for table `movie_actor_relation`
--

--LOCK TABLES `movie_actor_relation` WRITE;
--/*!40000 ALTER TABLE `movie_actor_relation` DISABLE KEYS */;
--INSERT INTO `movie_actor_relation` VALUES
--(1,1),
--(2,2),
--(3,3),
--(4,1),
--(5,4);
--/*!40000 ALTER TABLE `movie_actor_relation` ENABLE KEYS */;
--UNLOCK TABLES;

--
-- Table structure for table `director`
--

DROP TABLE IF EXISTS `director`;
/*!40101 SET @saved_cs_client     = @@character_set_client */;
 /*!40101 SET character_set_client = utf8mb4 */;
CREATE TABLE `director` (
  `id` bigint(20) NOT NULL AUTO_INCREMENT,
  `name` varchar(255) DEFAULT NULL,
  `BornYear` int(11) DEFAULT NULL,
  PRIMARY KEY (`id`)
) ENGINE=InnoDB AUTO_INCREMENT=6 DEFAULT CHARSET=latin1 COLLATE=latin1_swedish_ci;
/*!40101 SET character_set_client = @saved_cs_client */;

--
-- Dumping data for table `director`
--

LOCK TABLES `director` WRITE;
/*!40000 ALTER TABLE `director` DISABLE KEYS */;
INSERT INTO `director` VALUES
(1,'Christopher Nolan',1970),
(2,'Steven Spielberg',1946),
(3,'Quentin Tarantino',1963),
(4,'Greta Gerwig',1983),
(5,'Martin Scorsese',1942);
/*!40000 ALTER TABLE `director` ENABLE KEYS */;
UNLOCK TABLES;

--
-- Table structure for table `movie`
--

DROP TABLE IF EXISTS `movie`;
/*!40101 SET @saved_cs_client     = @@character_set_client */;
 /*!40101 SET character_set_client = utf8mb4 */;
CREATE TABLE `movie` (
  `id` bigint(20) NOT NULL AUTO_INCREMENT,
  `title` varchar(255) DEFAULT NULL,
  `director_id` bigint(20) DEFAULT NULL,
  `genre` varchar(100) DEFAULT NULL,
  `runtime` int(11) DEFAULT NULL,
  `year` int(11) DEFAULT NULL,
  `description` text DEFAULT NULL,
  `poster_location` varchar(255) DEFAULT NULL,
  PRIMARY KEY (`id`),
  KEY `fk_director` (`director_id`),
  CONSTRAINT `fk_director` FOREIGN KEY (`director_id`) REFERENCES `director` (`id`) ON DELETE SET NULL ON UPDATE CASCADE
) ENGINE=InnoDB AUTO_INCREMENT=6 DEFAULT CHARSET=latin1 COLLATE=latin1_swedish_ci;
/*!40101 SET character_set_client = @saved_cs_client */;

--
-- Dumping data for table `movie`
--

LOCK TABLES `movie` WRITE;
/*!40000 ALTER TABLE `movie` DISABLE KEYS */;
INSERT INTO `movie` VALUES
(1,'Inception',1,'Sci-Fi',148,2010,'A thief who steals corporate secrets through dream-sharing technology is tasked with planting an idea into the mind of a CEO.','https://m.media-amazon.com/images/M/MV5BMjAxMzY3NjcxNF5BMl5BanBnXkFtZTcwNTI5OTM0Mw@@._V1_SX300.jpg'),
(2,'Pulp Fiction',3,'Crime',154,1994,'The lives of two hitmen, a boxer, and others intertwine in tales of violence and redemption.','https://m.media-amazon.com/images/I/71c05lTE03L._AC_SY679_.jpg'),
(3,'Oppenheimer',1,'Biography',180,2023,'The story of J. Robert Oppenheimer and the development of the atomic bomb.','https://m.media-amazon.com/images/M/MV5BN2JkMDc5MGQtZjg3YS00NmFiLWIyZmQtZTJmNTM5MjVmYTQ4XkEyXkFqcGc@._V1_SX300.jpg'),
(4,'Barbie',4,'Comedy',114,2023,'Barbie suffers a crisis that leads her to question her world and her existence.','https://m.media-amazon.com/images/M/MV5BYjI3NDU0ZGYtYjA2YS00Y2RlLTgwZDAtYTE2YTM5ZjE1M2JlXkEyXkFqcGc@._V1_SX300.jpg'),
(5,'The Irishman',5,'Drama',209,2019,'A mob hitman recalls his involvement in the disappearance of union leader Jimmy Hoffa.','https://m.media-amazon.com/images/M/MV5BMTY2YThkNmQtOWJhYy00ZDc3LWEzOGEtMmQwNzM0YjFmZWIyXkEyXkFqcGc@._V1_SX300.jpg');
/*!40000 ALTER TABLE `movie` ENABLE KEYS */;
UNLOCK TABLES;

--
-- Table structure for table `movie_actor_relation`
--

DROP TABLE IF EXISTS `movie_actor_relation`;
/*!40101 SET @saved_cs_client     = @@character_set_client */;
 /*!40101 SET character_set_client = utf8mb4 */;
CREATE TABLE `movie_actor_relation` (
  `movie_id` bigint(20) DEFAULT NULL,
  `actor_id` bigint(20) DEFAULT NULL,
  KEY `fk_movie` (`movie_id`),
  KEY `fk_actor` (`actor_id`),
  CONSTRAINT `fk_movie` FOREIGN KEY (`movie_id`) REFERENCES `movie` (`id`) ON DELETE CASCADE ON UPDATE CASCADE,
  CONSTRAINT `fk_actor` FOREIGN KEY (`actor_id`) REFERENCES `main_actor` (`id`) ON DELETE CASCADE ON UPDATE CASCADE
) ENGINE=InnoDB DEFAULT CHARSET=latin1 COLLATE=latin1_swedish_ci;
/*!40101 SET character_set_client = @saved_cs_client */;

--
-- Dumping data for table `movie_actor_relation`
--

LOCK TABLES `movie_actor_relation` WRITE;
/*!40000 ALTER TABLE `movie_actor_relation` DISABLE KEYS */;
INSERT INTO `movie_actor_relation` VALUES
(1,1), -- Leonardo DiCaprio in Inception
(2,3), -- Tom Hanks in Pulp Fiction (just for example)
(3,1), -- Leonardo DiCaprio in Oppenheimer
(4,2), -- Scarlett Johansson in Barbie
(5,4); -- Morgan Freeman in The Irishman
/*!40000 ALTER TABLE `movie_actor_relation` ENABLE KEYS */;
UNLOCK TABLES;

/*!40103 SET TIME_ZONE=@OLD_TIME_ZONE */;
/*!40101 SET SQL_MODE=@OLD_SQL_MODE */;
/*!40014 SET FOREIGN_KEY_CHECKS=@OLD_FOREIGN_KEY_CHECKS */;
/*!40014 SET UNIQUE_CHECKS=@OLD_UNIQUE_CHECKS */;
/*!40101 SET CHARACTER_SET_CLIENT=@OLD_CHARACTER_SET_CLIENT */;
/*!40101 SET CHARACTER_SET_RESULTS=@OLD_CHARACTER_SET_RESULTS */;
/*!40101 SET COLLATION_CONNECTION=@OLD_COLLATION_CONNECTION */;
/*M!100616 SET NOTE_VERBOSITY=@OLD_NOTE_VERBOSITY */;

-- Dump completed on 2025-11-11 12:40:18
